tep,chuan,ocr_doc_ra,cung_do_dai
0644_QD_0000_DHKT.pdf,644,644,1
0037_TB_0000_DHKT.pdf,37,3,0
0309_QD_2014_DHKT_16-05.pdf,309,503,1
0112_UNK_0000_NA_dhkt.pdf,112,44,0
0145_QD_0000_DHKT.pdf,145,445,1
0234_QD_0000_DHKT.pdf,234,2,0
0021_QD_2016_NA.pdf,21,2,0
0230_QD_0000_DHKT.pdf,230,4,0
0738_QD_0000_DHKT.pdf,738,738,1
0237_QD_0000_DHKT.pdf,237,237,1
0005_TB_0000_DHKT-dup1.pdf,5,05,0
0677_QD_0000_NA.pdf,677,6727,0
0147_QD_2016_NA.pdf,147,443,1
0757_QD_0000_NA.pdf,757,757,1
0296_QD_2014_DHKT_16-05.pdf,296,496,1
0690_QD_0000_DHKT.pdf,690,90,0
0332_QD_2014_DHKT_23-05.pdf,332,34,0
0337_QD_2014_DHKT_23-05.pdf,337,4,0
0085_QD_0000_DHKT.pdf,85,4,0
0372_QD_2014_DHKT_07-06.pdf,372,33,0
0499_QD_0000_DHKT.pdf,499,499,1
0631_QD_0000_DHKT.pdf,631,64,0
0032_CV_2016_NA.pdf,32,2,0
0657_QD_0000_DHKT.pdf,657,653,1
0669_QD_0000_DHKT-dup1.pdf,669,6,0
0691_QD_0000_DHKT.pdf,691,631,1
0316_QD_2014_DHKT_23-05.pdf,316,546,1
0076_QD_0000_DHKT.pdf,76,16,1
0159_CV_0000_NA.pdf,159,423,1
0404_QD_0000_DHKT-dup1.pdf,404,404,1
0324_QD_2014_DHKT_23-05.pdf,324,44,0
0092_QD_0000_DHKT.pdf,92,9,0
0047_KH_2016_NA.pdf,47,4,0
0620_QD_0000_DHKT-dup1.pdf,620,6,0
0373_QD_2014_DHKT_07-06.pdf,373,835,1
0881_QD_0000_DHKT.pdf,881,8,0
0117_QD_2016_NA.pdf,117,443,1
0578_QD_0000_DHKT-dup1.pdf,578,54,0
0026_CV_2016_NA.pdf,26,26,1
0688_QD_0000_DHKT.pdf,688,6,0
0058_TB_0000_DHKT.pdf,58,5,0
0672_QD_0000_NA.pdf,672,6,0
0339_QD_2014_DHKT_23-05.pdf,339,343,1
0302_QD_2014_DHKT_22-05.pdf,302,20,0
0304_QD_2014_DHKT_22-05.pdf,304,301,1
0702_QD_0000_DHKT.pdf,702,304,1
0102_QD_0000_NA_a.pdf,102,404,1
0303_QD_0000_DHKT.pdf,303,305,1
0309_QD_0000_DHKT.pdf,309,109,1
0533_QD_0000_DHKT.pdf,533,5,0
0334_QD_2014_DHKT_23-05.pdf,334,224,1
0659_QD_0000_DHKT-dup2.pdf,659,615,1
0097_QD_0000_DHKT.pdf,97,4,0
0696_QD_0000_NA.pdf,696,64,0
0575_QD_0000_DHKT-dup1.pdf,575,515,1
0266_QD_2014_DHKT_09-05.pdf,266,2,0
0400_QD_0000_DHKT-dup1.pdf,400,400,1
0792_QD_0000_DHKT.pdf,792,192,1
0136_QD_2016_NA.pdf,136,42,0
0131_QD_2016_NA.pdf,131,43,0
0201_QD_2016_NA_16.pdf,201,42,0
0161_QD_0000_DHKT.pdf,161,4641,0
0022_QD_2016_NA.pdf,22,2,0
0498_QD_0000_DHKT_pdf.pdf,498,448,1
0361_QD_2014_DHKT_05-06.pdf,361,36,0
0532_QD_0000_DHKT.pdf,532,52,0
0446_QD_0000_DHKT-dup1.pdf,446,446,1
0096_HD_0000_DHKT.pdf,96,9,0
0024_TB_0000_DHKT-dup1.pdf,24,24,1
0436_QD_2014_DHKT_25-07.pdf,436,4,0
0014_QD_2016_NA.pdf,14,44,1
0896_QD_0000_NA.pdf,896,836,1
0625_QD_0000_DHKT.pdf,625,685,1
0265_QD_0000_DHKT.pdf,265,265,1
0345_QD_0000_DHKT.pdf,345,245,1
0861_QD_0000_NA.pdf,861,270,1
0400_QD_0000_DHKT.pdf,400,400,1
0059_TB_0000_DHKT-dup1.pdf,59,53,1
0118_QD_2016_NA.pdf,118,4,0
0406_QD_0000_DHKT.pdf,406,3,0
0527_QD_0000_DHKT-dup1.pdf,527,52014,0
0709_QD_0000_DHKT.pdf,709,304,1
0301_QD_0000_DHKT.pdf,301,20,0
0080_QD_0000_DHKT.pdf,80,80,1
0433_QD_2014_DHKT_15-07.pdf,433,4,0
0061_TB_0000_DHKT-dup1.pdf,61,4,0
0318_QD_0000_DHKT.pdf,318,3,0
0123_CV_0000_DHKT.pdf,123,1,0
0356_QD_2014_DHKT_23-05.pdf,356,356,1
0450_QD_0000_DHKT.pdf,450,43,0
0461_QD_0000_DHKT.pdf,461,4,0
0038_TB_0000_DHKT.pdf,38,38,1
