tep,truong,A,B
0302_QD_2014_DHKT_22-05.pdf,so hieu,2,1
0302_QD_2014_DHKT_22-05.pdf,ngay,2,0
0302_QD_2014_DHKT_22-05.pdf,co quan,0,0
0377_QD_2014_DHKT_07-06.pdf,so hieu,2,2
0377_QD_2014_DHKT_07-06.pdf,ngay,2,2
0377_QD_2014_DHKT_07-06.pdf,co quan,0,0
0036_TB_2014_DHKT_19-06.pdf,so hieu,2,1
0036_TB_2014_DHKT_19-06.pdf,ngay,2,2
0036_TB_2014_DHKT_19-06.pdf,co quan,2,0
0369_QD_2014_DHKT_07-06.pdf,so hieu,2,2
0369_QD_2014_DHKT_07-06.pdf,ngay,2,2
0369_QD_2014_DHKT_07-06.pdf,co quan,0,0
0390_QD_2014_DHKT_16-06.pdf,so hieu,2,2
0390_QD_2014_DHKT_16-06.pdf,ngay,2,0
0390_QD_2014_DHKT_16-06.pdf,co quan,0,0
0354_QD_2014_DHKT_23-05.pdf,so hieu,2,0
0354_QD_2014_DHKT_23-05.pdf,ngay,2,0
0354_QD_2014_DHKT_23-05.pdf,co quan,0,0
0433_QD_2014_DHKT_15-07.pdf,so hieu,2,1
0433_QD_2014_DHKT_15-07.pdf,ngay,2,2
0433_QD_2014_DHKT_15-07.pdf,co quan,0,0
0359_QD_2014_DHKT_05-06.pdf,so hieu,2,2
0359_QD_2014_DHKT_05-06.pdf,ngay,2,2
0359_QD_2014_DHKT_05-06.pdf,co quan,0,0
0284_QD_2014_DHKT_20-05.pdf,so hieu,2,2
0284_QD_2014_DHKT_20-05.pdf,ngay,2,2
0284_QD_2014_DHKT_20-05.pdf,co quan,0,0
0380_QD_2014_DHKT_09-06.pdf,so hieu,2,2
0380_QD_2014_DHKT_09-06.pdf,ngay,2,2
0380_QD_2014_DHKT_09-06.pdf,co quan,0,0
0307_QD_2014_DHKT_22-05.pdf,so hieu,2,2
0307_QD_2014_DHKT_22-05.pdf,ngay,2,0
0307_QD_2014_DHKT_22-05.pdf,co quan,0,0
0391_QD_2014_DHKT_16-07.pdf,so hieu,2,2
0391_QD_2014_DHKT_16-07.pdf,ngay,2,0
0391_QD_2014_DHKT_16-07.pdf,co quan,0,0
0288_QD_2014_DHKT_20-05.pdf,so hieu,2,2
0288_QD_2014_DHKT_20-05.pdf,ngay,2,2
0288_QD_2014_DHKT_20-05.pdf,co quan,0,0
0362_QD_2014_DHKT_05-06.pdf,so hieu,2,2
0362_QD_2014_DHKT_05-06.pdf,ngay,2,2
0362_QD_2014_DHKT_05-06.pdf,co quan,0,0
0324_QD_2014_DHKT_23-05.pdf,so hieu,2,1
0324_QD_2014_DHKT_23-05.pdf,ngay,2,0
0324_QD_2014_DHKT_23-05.pdf,co quan,0,0
0336_QD_2014_DHKT_23-05.pdf,so hieu,2,1
0336_QD_2014_DHKT_23-05.pdf,ngay,2,2
0336_QD_2014_DHKT_23-05.pdf,co quan,0,0
0403_QD_2014_DHKT_16-06.pdf,so hieu,2,2
0403_QD_2014_DHKT_16-06.pdf,ngay,2,0
0403_QD_2014_DHKT_16-06.pdf,co quan,0,0
0278_QD_2014_DHKT_19-05.pdf,so hieu,2,2
0278_QD_2014_DHKT_19-05.pdf,ngay,2,2
0278_QD_2014_DHKT_19-05.pdf,co quan,0,0
0303_QD_2014_DHKT_22-05.pdf,so hieu,2,2
0303_QD_2014_DHKT_22-05.pdf,ngay,2,0
0303_QD_2014_DHKT_22-05.pdf,co quan,0,0
0286_QD_2014_DHKT_20-05.pdf,so hieu,2,2
0286_QD_2014_DHKT_20-05.pdf,ngay,2,1
0286_QD_2014_DHKT_20-05.pdf,co quan,0,0
0350_QD_2014_DHKT_23-05.pdf,so hieu,2,0
0350_QD_2014_DHKT_23-05.pdf,ngay,2,0
0350_QD_2014_DHKT_23-05.pdf,co quan,0,0
0313_QD_2014_DHKT_23-05.pdf,so hieu,2,0
0313_QD_2014_DHKT_23-05.pdf,ngay,1,2
0313_QD_2014_DHKT_23-05.pdf,co quan,0,0
0268_QD_2014_DHKT_09-05.pdf,so hieu,2,2
0268_QD_2014_DHKT_09-05.pdf,ngay,1,2
0268_QD_2014_DHKT_09-05.pdf,co quan,2,0
0342_QD_2014_DHKT_23-05.pdf,so hieu,2,1
0342_QD_2014_DHKT_23-05.pdf,ngay,2,2
0342_QD_2014_DHKT_23-05.pdf,co quan,0,0
0292_QD_2014_DHKT_26-05.pdf,so hieu,2,2
0292_QD_2014_DHKT_26-05.pdf,ngay,2,2
0292_QD_2014_DHKT_26-05.pdf,co quan,0,0
0275_QD_2014_DHKT_14-05.pdf,so hieu,2,2
0275_QD_2014_DHKT_14-05.pdf,ngay,2,1
0275_QD_2014_DHKT_14-05.pdf,co quan,2,0
0274_QD_2014_DHKT_14-05.pdf,so hieu,2,2
0274_QD_2014_DHKT_14-05.pdf,ngay,2,0
0274_QD_2014_DHKT_14-05.pdf,co quan,0,0
0373_QD_2014_DHKT_07-06.pdf,so hieu,2,1
0373_QD_2014_DHKT_07-06.pdf,ngay,1,2
0373_QD_2014_DHKT_07-06.pdf,co quan,0,0
0277_QD_2014_DHKT_19-05.pdf,so hieu,2,2
0277_QD_2014_DHKT_19-05.pdf,ngay,2,2
0277_QD_2014_DHKT_19-05.pdf,co quan,0,0
0323_QD_2014_DHKT_23-05.pdf,so hieu,2,1
0323_QD_2014_DHKT_23-05.pdf,ngay,2,0
0323_QD_2014_DHKT_23-05.pdf,co quan,0,0
0338_QD_2014_DHKT_23-05.pdf,so hieu,2,2
0338_QD_2014_DHKT_23-05.pdf,ngay,1,0
0338_QD_2014_DHKT_23-05.pdf,co quan,0,0
0280_QD_2014_DHKT_19-05.pdf,so hieu,2,2
0280_QD_2014_DHKT_19-05.pdf,ngay,2,2
0280_QD_2014_DHKT_19-05.pdf,co quan,0,0
0347_QD_2014_DHKT_16-05.pdf,so hieu,2,2
0347_QD_2014_DHKT_16-05.pdf,ngay,2,0
0347_QD_2014_DHKT_16-05.pdf,co quan,0,0
0332_QD_2014_DHKT_23-05.pdf,so hieu,2,1
0332_QD_2014_DHKT_23-05.pdf,ngay,2,0
0332_QD_2014_DHKT_23-05.pdf,co quan,0,0
0318_QD_2014_DHKT_23-05.pdf,so hieu,2,2
0318_QD_2014_DHKT_23-05.pdf,ngay,2,2
0318_QD_2014_DHKT_23-05.pdf,co quan,0,0
0429_QD_2014_DHKT_28-06.pdf,so hieu,2,2
0429_QD_2014_DHKT_28-06.pdf,ngay,2,0
0429_QD_2014_DHKT_28-06.pdf,co quan,0,0
0341_QD_2014_DHKT_23-05.pdf,so hieu,2,1
0341_QD_2014_DHKT_23-05.pdf,ngay,2,2
0341_QD_2014_DHKT_23-05.pdf,co quan,0,0
0265_QD_2014_DHKT_09-05.pdf,so hieu,2,2
0265_QD_2014_DHKT_09-05.pdf,ngay,2,2
0265_QD_2014_DHKT_09-05.pdf,co quan,0,0
0430_QD_2014_DHKT_30-06.pdf,so hieu,2,2
0430_QD_2014_DHKT_30-06.pdf,ngay,2,0
0430_QD_2014_DHKT_30-06.pdf,co quan,0,0
0298_QD_2014_DHKT_16-05.pdf,so hieu,2,1
0298_QD_2014_DHKT_16-05.pdf,ngay,2,2
0298_QD_2014_DHKT_16-05.pdf,co quan,0,0
0269_QD_2014_DHKT_09-05.pdf,so hieu,2,1
0269_QD_2014_DHKT_09-05.pdf,ngay,2,2
0269_QD_2014_DHKT_09-05.pdf,co quan,0,0
0308_QD_2014_DHKT_22-05.pdf,so hieu,2,2
0308_QD_2014_DHKT_22-05.pdf,ngay,2,2
0308_QD_2014_DHKT_22-05.pdf,co quan,0,0
0360_QD_2014_DHKT_05-06.pdf,so hieu,2,2
0360_QD_2014_DHKT_05-06.pdf,ngay,2,2
0360_QD_2014_DHKT_05-06.pdf,co quan,0,0
0290_QD_2014_DHKT_22-05.pdf,so hieu,2,2
0290_QD_2014_DHKT_22-05.pdf,ngay,2,2
0290_QD_2014_DHKT_22-05.pdf,co quan,0,0
0279_QD_2014_DHKT_19-05.pdf,so hieu,2,2
0279_QD_2014_DHKT_19-05.pdf,ngay,2,0
0279_QD_2014_DHKT_19-05.pdf,co quan,0,0
0379_QD_2014_DHKT_09-06.pdf,so hieu,2,2
0379_QD_2014_DHKT_09-06.pdf,ngay,2,2
0379_QD_2014_DHKT_09-06.pdf,co quan,2,0
0317_QD_2014_DHKT_23-05.pdf,so hieu,2,1
0317_QD_2014_DHKT_23-05.pdf,ngay,2,0
0317_QD_2014_DHKT_23-05.pdf,co quan,0,0
0436_QD_2014_DHKT_25-07.pdf,so hieu,2,1
0436_QD_2014_DHKT_25-07.pdf,ngay,2,2
0436_QD_2014_DHKT_25-07.pdf,co quan,0,0
0333_QD_2014_DHKT_23-05.pdf,so hieu,2,2
0333_QD_2014_DHKT_23-05.pdf,ngay,2,2
0333_QD_2014_DHKT_23-05.pdf,co quan,0,0
0300_QD_2014_DHKT_16-05.pdf,so hieu,2,2
0300_QD_2014_DHKT_16-05.pdf,ngay,2,2
0300_QD_2014_DHKT_16-05.pdf,co quan,0,0
0304_QD_2014_DHKT_22-05.pdf,so hieu,2,1
0304_QD_2014_DHKT_22-05.pdf,ngay,2,2
0304_QD_2014_DHKT_22-05.pdf,co quan,0,0
0371_QD_2014_DHKT_07-06.pdf,so hieu,2,1
0371_QD_2014_DHKT_07-06.pdf,ngay,2,2
0371_QD_2014_DHKT_07-06.pdf,co quan,0,0
0311_QD_2014_DHKT_07-05.pdf,so hieu,2,2
0311_QD_2014_DHKT_07-05.pdf,ngay,2,2
0311_QD_2014_DHKT_07-05.pdf,co quan,0,0
0039_TB_2014_DHKT_25-07.pdf,so hieu,2,2
0039_TB_2014_DHKT_25-07.pdf,ngay,1,0
0039_TB_2014_DHKT_25-07.pdf,co quan,0,0
0309_QD_2014_DHKT_16-05.pdf,so hieu,2,1
0309_QD_2014_DHKT_16-05.pdf,ngay,2,2
0309_QD_2014_DHKT_16-05.pdf,co quan,0,0
0322_QD_2014_DHKT_23-05.pdf,so hieu,2,2
0322_QD_2014_DHKT_23-05.pdf,ngay,0,0
0322_QD_2014_DHKT_23-05.pdf,co quan,0,0
0321_QD_2014_DHKT_23-05.pdf,so hieu,2,2
0321_QD_2014_DHKT_23-05.pdf,ngay,2,2
0321_QD_2014_DHKT_23-05.pdf,co quan,0,0
0353_QD_2014_DHKT_23-05.pdf,so hieu,2,2
0353_QD_2014_DHKT_23-05.pdf,ngay,2,0
0353_QD_2014_DHKT_23-05.pdf,co quan,0,0
0361_QD_2014_DHKT_05-06.pdf,so hieu,2,1
0361_QD_2014_DHKT_05-06.pdf,ngay,2,0
0361_QD_2014_DHKT_05-06.pdf,co quan,0,0
0299_QD_2014_DHKT_16-05.pdf,so hieu,2,2
0299_QD_2014_DHKT_16-05.pdf,ngay,2,2
0299_QD_2014_DHKT_16-05.pdf,co quan,0,0
0264_QD_2014_DHKT_09-05.pdf,so hieu,2,2
0264_QD_2014_DHKT_09-05.pdf,ngay,2,2
0264_QD_2014_DHKT_09-05.pdf,co quan,2,0
0356_QD_2014_DHKT_23-05.pdf,so hieu,2,0
0356_QD_2014_DHKT_23-05.pdf,ngay,2,0
0356_QD_2014_DHKT_23-05.pdf,co quan,0,0
0331_QD_2014_DHKT_23-05.pdf,so hieu,2,2
0331_QD_2014_DHKT_23-05.pdf,ngay,2,2
0331_QD_2014_DHKT_23-05.pdf,co quan,0,0
0355_QD_2014_DHKT_23-05.pdf,so hieu,2,1
0355_QD_2014_DHKT_23-05.pdf,ngay,0,0
0355_QD_2014_DHKT_23-05.pdf,co quan,0,0
0319_QD_2014_DHKT_23-05.pdf,so hieu,2,1
0319_QD_2014_DHKT_23-05.pdf,ngay,2,0
0319_QD_2014_DHKT_23-05.pdf,co quan,0,0
0271_QD_2014_DHKT_10-05.pdf,so hieu,2,2
0271_QD_2014_DHKT_10-05.pdf,ngay,2,2
0271_QD_2014_DHKT_10-05.pdf,co quan,0,0
0365_QD_2014_DHKT_07-06.pdf,so hieu,2,2
0365_QD_2014_DHKT_07-06.pdf,ngay,2,2
0365_QD_2014_DHKT_07-06.pdf,co quan,0,0
0376_QD_2014_DHKT_07-06.pdf,so hieu,2,1
0376_QD_2014_DHKT_07-06.pdf,ngay,2,2
0376_QD_2014_DHKT_07-06.pdf,co quan,0,0
0283_QD_2014_DHKT_20-05.pdf,so hieu,2,2
0283_QD_2014_DHKT_20-05.pdf,ngay,2,1
0283_QD_2014_DHKT_20-05.pdf,co quan,0,0
0314_QD_2014_DHKT_23-05.pdf,so hieu,2,2
0314_QD_2014_DHKT_23-05.pdf,ngay,2,0
0314_QD_2014_DHKT_23-05.pdf,co quan,0,0
0293_QD_2014_DHKT_26-05.pdf,so hieu,2,2
0293_QD_2014_DHKT_26-05.pdf,ngay,2,2
0293_QD_2014_DHKT_26-05.pdf,co quan,0,0
0295_QD_2014_DHKT_26-05.pdf,so hieu,2,2
0295_QD_2014_DHKT_26-05.pdf,ngay,2,2
0295_QD_2014_DHKT_26-05.pdf,co quan,0,0
0294_QD_2014_DHKT_26-05.pdf,so hieu,2,1
0294_QD_2014_DHKT_26-05.pdf,ngay,2,2
0294_QD_2014_DHKT_26-05.pdf,co quan,2,0
0364_QD_2014_DHKT_07-06.pdf,so hieu,2,1
0364_QD_2014_DHKT_07-06.pdf,ngay,2,2
0364_QD_2014_DHKT_07-06.pdf,co quan,0,0
0315_QD_2014_DHKT_23-05.pdf,so hieu,2,2
0315_QD_2014_DHKT_23-05.pdf,ngay,2,0
0315_QD_2014_DHKT_23-05.pdf,co quan,0,0
0272_QD_2014_DHKT_12-05.pdf,so hieu,2,2
0272_QD_2014_DHKT_12-05.pdf,ngay,2,1
0272_QD_2014_DHKT_12-05.pdf,co quan,0,0
0363_QD_2014_DHKT_05-06.pdf,so hieu,2,0
0363_QD_2014_DHKT_05-06.pdf,ngay,2,2
0363_QD_2014_DHKT_05-06.pdf,co quan,2,0
0343_QD_2014_DHKT_16-05.pdf,so hieu,2,2
0343_QD_2014_DHKT_16-05.pdf,ngay,2,2
0343_QD_2014_DHKT_16-05.pdf,co quan,0,0
0349_QD_2014_DHKT_19-05.pdf,so hieu,2,1
0349_QD_2014_DHKT_19-05.pdf,ngay,2,0
0349_QD_2014_DHKT_19-05.pdf,co quan,0,0
0320_QD_2014_DHKT_23-05.pdf,so hieu,2,2
0320_QD_2014_DHKT_23-05.pdf,ngay,1,2
0320_QD_2014_DHKT_23-05.pdf,co quan,0,0
0285_QD_2014_DHKT_20-05.pdf,so hieu,2,2
0285_QD_2014_DHKT_20-05.pdf,ngay,2,2
0285_QD_2014_DHKT_20-05.pdf,co quan,0,0
0281_QD_2014_DHKT_20-05.pdf,so hieu,2,2
0281_QD_2014_DHKT_20-05.pdf,ngay,2,1
0281_QD_2014_DHKT_20-05.pdf,co quan,0,0
0297_QD_2014_DHKT_16-05.pdf,so hieu,2,1
0297_QD_2014_DHKT_16-05.pdf,ngay,2,2
0297_QD_2014_DHKT_16-05.pdf,co quan,0,0
0375_QD_2014_DHKT_07-06.pdf,so hieu,2,2
0375_QD_2014_DHKT_07-06.pdf,ngay,2,2
0375_QD_2014_DHKT_07-06.pdf,co quan,0,0
0368_QD_2014_DHKT_07-06.pdf,so hieu,2,1
0368_QD_2014_DHKT_07-06.pdf,ngay,2,2
0368_QD_2014_DHKT_07-06.pdf,co quan,0,0
0328_QD_2014_DHKT_23-05.pdf,so hieu,2,2
0328_QD_2014_DHKT_23-05.pdf,ngay,2,0
0328_QD_2014_DHKT_23-05.pdf,co quan,0,0
0327_QD_2014_DHKT_23-05.pdf,so hieu,2,1
0327_QD_2014_DHKT_23-05.pdf,ngay,2,0
0327_QD_2014_DHKT_23-05.pdf,co quan,0,0
0301_QD_2014_DHKT_16-05.pdf,so hieu,2,2
0301_QD_2014_DHKT_16-05.pdf,ngay,2,0
0301_QD_2014_DHKT_16-05.pdf,co quan,0,0
0276_QD_2014_DHKT_17-05.pdf,so hieu,1,2
0276_QD_2014_DHKT_17-05.pdf,ngay,2,2
0276_QD_2014_DHKT_17-05.pdf,co quan,0,0
0296_QD_2014_DHKT_16-05.pdf,so hieu,2,1
0296_QD_2014_DHKT_16-05.pdf,ngay,2,2
0296_QD_2014_DHKT_16-05.pdf,co quan,0,0
0282_QD_2014_DHKT_20-05.pdf,so hieu,2,2
0282_QD_2014_DHKT_20-05.pdf,ngay,0,2
0282_QD_2014_DHKT_20-05.pdf,co quan,0,0
0339_QD_2014_DHKT_23-05.pdf,so hieu,2,1
0339_QD_2014_DHKT_23-05.pdf,ngay,2,2
0339_QD_2014_DHKT_23-05.pdf,co quan,0,0
0316_QD_2014_DHKT_23-05.pdf,so hieu,2,1
0316_QD_2014_DHKT_23-05.pdf,ngay,2,0
0316_QD_2014_DHKT_23-05.pdf,co quan,0,0
0335_QD_2014_DHKT_23-05.pdf,so hieu,2,2
0335_QD_2014_DHKT_23-05.pdf,ngay,2,0
0335_QD_2014_DHKT_23-05.pdf,co quan,0,0
0422_QD_2014_DHKT_26-06.pdf,so hieu,2,1
0422_QD_2014_DHKT_26-06.pdf,ngay,1,0
0422_QD_2014_DHKT_26-06.pdf,co quan,0,0
0330_QD_2014_DHKT_30-05.pdf,so hieu,2,2
0330_QD_2014_DHKT_30-05.pdf,ngay,2,2
0330_QD_2014_DHKT_30-05.pdf,co quan,0,0
0312_QD_2014_DHKT_07-05.pdf,so hieu,2,2
0312_QD_2014_DHKT_07-05.pdf,ngay,2,2
0312_QD_2014_DHKT_07-05.pdf,co quan,2,0
0345_QD_2014_DHKT_16-05.pdf,so hieu,2,1
0345_QD_2014_DHKT_16-05.pdf,ngay,2,2
0345_QD_2014_DHKT_16-05.pdf,co quan,0,0
0344_QD_2014_DHKT_16-05.pdf,so hieu,2,2
0344_QD_2014_DHKT_16-05.pdf,ngay,2,2
0344_QD_2014_DHKT_16-05.pdf,co quan,0,0
0370_QD_2014_DHKT_07-06.pdf,so hieu,2,2
0370_QD_2014_DHKT_07-06.pdf,ngay,2,2
0370_QD_2014_DHKT_07-06.pdf,co quan,0,0
0102_QD_0000_NA_a.pdf,so hieu,2,1
0102_QD_0000_NA_a.pdf,co quan,0,0
0770_QD_0000_NA.pdf,so hieu,2,2
0770_QD_0000_NA.pdf,co quan,0,0
0097_QD_2016_NA.pdf,so hieu,2,2
0097_QD_2016_NA.pdf,co quan,0,0
0852_QD_0000_DHKT.pdf,so hieu,2,2
0852_QD_0000_DHKT.pdf,co quan,0,0
0031_CV_0000_DHKT.pdf,so hieu,2,2
0031_CV_0000_DHKT.pdf,co quan,0,0
0186_QD_0000_DHKT.pdf,so hieu,2,2
0186_QD_0000_DHKT.pdf,co quan,0,0
0741_QD_0000_DHKT.pdf,so hieu,2,2
0741_QD_0000_DHKT.pdf,co quan,0,0
0267_QD_0000_DHKT.pdf,so hieu,2,2
0267_QD_0000_DHKT.pdf,co quan,0,0
0716_QD_0000_NA.pdf,so hieu,2,2
0716_QD_0000_NA.pdf,co quan,0,0
0766_QD_0000_NA.pdf,so hieu,2,2
0766_QD_0000_NA.pdf,co quan,0,0
0084_QD_0000_DHKT.pdf,so hieu,2,2
0084_QD_0000_DHKT.pdf,co quan,0,0
0774_QD_0000_NA_dkht.pdf,so hieu,2,2
0774_QD_0000_NA_dkht.pdf,co quan,0,0
0155_QD_0000_DHKT.pdf,so hieu,2,2
0155_QD_0000_DHKT.pdf,co quan,0,0
0021_QD_2016_NA.pdf,so hieu,2,1
0021_QD_2016_NA.pdf,co quan,0,0
0733_QD_0000_NA.pdf,so hieu,2,2
0733_QD_0000_NA.pdf,co quan,0,0
0945_QD_0000_NA.pdf,so hieu,2,2
0945_QD_0000_NA.pdf,co quan,0,0
0019_TB_0000_DHKT-dup1.pdf,so hieu,2,2
0019_TB_0000_DHKT-dup1.pdf,co quan,0,0
0023_TB_0000_DHKT.pdf,so hieu,2,1
0023_TB_0000_DHKT.pdf,co quan,0,0
0274_QD_0000_DHKT.pdf,so hieu,2,2
0274_QD_0000_DHKT.pdf,co quan,0,0
0401_QD_0000_DHKT.pdf,so hieu,2,2
0401_QD_0000_DHKT.pdf,co quan,0,0
0506_QD_0000_DHKT.pdf,so hieu,2,2
0506_QD_0000_DHKT.pdf,co quan,0,0
0547_QD_0000_DHKT.pdf,so hieu,2,2
0547_QD_0000_DHKT.pdf,co quan,0,0
0541_QD_0000_DHKT.pdf,so hieu,2,2
0541_QD_0000_DHKT.pdf,co quan,0,0
0665_QD_0000_DHKT-dup1.pdf,so hieu,2,0
0665_QD_0000_DHKT-dup1.pdf,co quan,0,0
0061_TB_0000_DHKT-dup1.pdf,so hieu,2,1
0061_TB_0000_DHKT-dup1.pdf,co quan,0,0
0314_QD_0000_DHKT.pdf,so hieu,2,2
0314_QD_0000_DHKT.pdf,co quan,0,0
0693_QD_0000_NA.pdf,so hieu,2,2
0693_QD_0000_NA.pdf,co quan,0,0
0047_KH_2016_NA.pdf,so hieu,2,1
0047_KH_2016_NA.pdf,co quan,0,0
0004_TB_0000_DHKT-dup1.pdf,so hieu,2,2
0004_TB_0000_DHKT-dup1.pdf,co quan,0,0
0622_QD_0000_DHKT.pdf,so hieu,2,2
0622_QD_0000_DHKT.pdf,co quan,0,0
0185_QD_0000_DHKT.pdf,so hieu,2,2
0185_QD_0000_DHKT.pdf,co quan,0,0
0128_QD_2016_NA.pdf,so hieu,2,2
0128_QD_2016_NA.pdf,co quan,0,0
0526_QD_0000_DHKT.pdf,so hieu,2,2
0526_QD_0000_DHKT.pdf,co quan,0,0
0613_QD_0000_DHKT-dup1.pdf,so hieu,2,1
0613_QD_0000_DHKT-dup1.pdf,co quan,0,0
0004_QD_2016_NA.pdf,so hieu,2,2
0004_QD_2016_NA.pdf,co quan,0,0
0085_QD_0000_DHKT.pdf,so hieu,2,1
0085_QD_0000_DHKT.pdf,co quan,0,0
0454_QD_0000_DHKT.pdf,so hieu,2,2
0454_QD_0000_DHKT.pdf,co quan,0,0
0225_QD_0000_DHKT.pdf,so hieu,2,2
0225_QD_0000_DHKT.pdf,co quan,0,0
0811_QD_0000_DHKT.pdf,so hieu,2,2
0811_QD_0000_DHKT.pdf,co quan,0,0
0937_QD_0000_NA.pdf,so hieu,2,2
0937_QD_0000_NA.pdf,co quan,0,0
0683_QD_0000_NA.pdf,so hieu,2,1
0683_QD_0000_NA.pdf,co quan,0,0
0710_QD_0000_NA.pdf,so hieu,2,1
0710_QD_0000_NA.pdf,co quan,0,0
0747_QD_0000_DHKT.pdf,so hieu,2,2
0747_QD_0000_DHKT.pdf,co quan,0,0
0633_QD_0000_DHKT-dup1.pdf,so hieu,2,2
0633_QD_0000_DHKT-dup1.pdf,co quan,0,0
0566_QD_0000_DHKT.pdf,so hieu,2,2
0566_QD_0000_DHKT.pdf,co quan,0,0
0862_QD_0000_NA.pdf,so hieu,2,2
0862_QD_0000_NA.pdf,co quan,0,0
0264_QD_0000_DHKT.pdf,so hieu,2,2
0264_QD_0000_DHKT.pdf,co quan,0,0
0042_QD_2016_NA.pdf,so hieu,2,2
0042_QD_2016_NA.pdf,co quan,0,0
0756_QD_0000_DHKT.pdf,so hieu,2,2
0756_QD_0000_DHKT.pdf,co quan,0,0
0625_QD_0000_DHKT.pdf,so hieu,2,1
0625_QD_0000_DHKT.pdf,co quan,0,0
0154_CV_0000_NA.pdf,so hieu,2,2
0154_CV_0000_NA.pdf,co quan,0,0
0829_QD_0000_DHKT.pdf,so hieu,2,2
0829_QD_0000_DHKT.pdf,co quan,0,0
0726_QD_0000_NA.pdf,so hieu,2,2
0726_QD_0000_NA.pdf,co quan,0,0
0024_TB_0000_DHKT-dup1.pdf,so hieu,2,0
0024_TB_0000_DHKT-dup1.pdf,co quan,2,0
0092_QD_0000_DHKT.pdf,so hieu,2,1
0092_QD_0000_DHKT.pdf,co quan,0,0
0682_QD_0000_DHKT.pdf,so hieu,2,2
0682_QD_0000_DHKT.pdf,co quan,0,0
0112_UNK_0000_NA_dhkt.pdf,so hieu,2,1
0112_UNK_0000_NA_dhkt.pdf,co quan,2,0
0033_QD_0000_DHKT.pdf,so hieu,2,2
0033_QD_0000_DHKT.pdf,co quan,0,0
0891_QD_0000_NA.pdf,so hieu,2,2
0891_QD_0000_NA.pdf,co quan,0,0
0476_QD_0000_DHKT.pdf,so hieu,2,2
0476_QD_0000_DHKT.pdf,co quan,0,0
0598_QD_0000_DHKT-dup1.pdf,so hieu,2,2
0598_QD_0000_DHKT-dup1.pdf,co quan,0,0
0576_QD_0000_DHKT.pdf,so hieu,2,2
0576_QD_0000_DHKT.pdf,co quan,0,0
0122_QD_0000_DHKT.pdf,so hieu,2,2
0122_QD_0000_DHKT.pdf,co quan,0,0
0226_QD_0000_DHKT.pdf,so hieu,2,2
0226_QD_0000_DHKT.pdf,co quan,0,0
0584_QD_0000_DHKT.pdf,so hieu,2,2
0584_QD_0000_DHKT.pdf,co quan,0,0
0816_QD_0000_DHKT.pdf,so hieu,2,2
0816_QD_0000_DHKT.pdf,co quan,0,0
0196_QD_2016_NA.pdf,so hieu,2,2
0196_QD_2016_NA.pdf,co quan,0,0
0102_QD_0000_DHKT.pdf,so hieu,2,2
0102_QD_0000_DHKT.pdf,co quan,0,0
0782_QD_0000_DHKT.pdf,so hieu,2,2
0782_QD_0000_DHKT.pdf,co quan,0,0
0265_QD_0000_DHKT.pdf,so hieu,2,0
0265_QD_0000_DHKT.pdf,co quan,0,0
0467_QD_0000_DHKT.pdf,so hieu,2,1
0467_QD_0000_DHKT.pdf,co quan,0,0
0654_QD_0000_DHKT-dup1.pdf,so hieu,2,2
0654_QD_0000_DHKT-dup1.pdf,co quan,0,0
0953_QD_0000_NA.pdf,so hieu,2,2
0953_QD_0000_NA.pdf,co quan,0,0
0264_UNK_0000_DHKT_aqd.pdf,so hieu,2,2
0264_UNK_0000_DHKT_aqd.pdf,co quan,0,0
0760_QD_0000_NA.pdf,so hieu,2,2
0760_QD_0000_NA.pdf,co quan,0,0
0444_QD_0000_DHKT.pdf,so hieu,2,2
0444_QD_0000_DHKT.pdf,co quan,0,0
0053_TB_0000_DHKT-dup2.pdf,so hieu,2,2
0053_TB_0000_DHKT-dup2.pdf,co quan,0,0
0522_QD_0000_DHKT.pdf,so hieu,2,2
0522_QD_0000_DHKT.pdf,co quan,0,0
0296_QD_0000_DHKT.pdf,so hieu,2,2
0296_QD_0000_DHKT.pdf,co quan,0,0
0442_QD_0000_DHKT-dup1.pdf,so hieu,2,0
0442_QD_0000_DHKT-dup1.pdf,co quan,0,0
0037_TB_0000_DHKT.pdf,so hieu,2,1
0037_TB_0000_DHKT.pdf,co quan,0,0
0400_QD_0000_DHKT.pdf,so hieu,2,0
0400_QD_0000_DHKT.pdf,co quan,0,0
0527_QD_0000_DHKT-dup1.pdf,so hieu,2,1
0527_QD_0000_DHKT-dup1.pdf,co quan,0,0
0011_QD_2016_NA.pdf,so hieu,2,2
0011_QD_2016_NA.pdf,co quan,0,0
0634_QD_0000_DHKT-dup1.pdf,so hieu,2,2
0634_QD_0000_DHKT-dup1.pdf,co quan,0,0
0159_CV_0000_NA.pdf,so hieu,2,1
0159_CV_0000_NA.pdf,co quan,0,0
0191_QD_0000_DHKT.pdf,so hieu,2,2
0191_QD_0000_DHKT.pdf,co quan,0,0
0748_QD_0000_DHKT.pdf,so hieu,2,2
0748_QD_0000_DHKT.pdf,co quan,0,0
0031_QD_2016_NA.pdf,so hieu,2,2
0031_QD_2016_NA.pdf,co quan,0,0
0403_QD_0000_DHKT.pdf,so hieu,2,0
0403_QD_0000_DHKT.pdf,co quan,2,0
0150_QD_2016_NA.pdf,so hieu,2,2
0150_QD_2016_NA.pdf,co quan,0,0
0104_QD_0000_DHKT.pdf,so hieu,2,2
0104_QD_0000_DHKT.pdf,co quan,0,0
0636_QD_0000_DHKT.pdf,so hieu,2,1
0636_QD_0000_DHKT.pdf,co quan,0,0
0551_QD_0000_DHKT-dup1.pdf,so hieu,2,2
0551_QD_0000_DHKT-dup1.pdf,co quan,0,0
0064_TB_0000_DHKT-dup1.pdf,so hieu,2,2
0064_TB_0000_DHKT-dup1.pdf,co quan,2,0
0390_QD_0000_DHKT.pdf,so hieu,2,2
0390_QD_0000_DHKT.pdf,co quan,0,0
0585_QD_0000_DHKT.pdf,so hieu,2,2
0585_QD_0000_DHKT.pdf,co quan,0,0
0316_QD_0000_DHKT.pdf,so hieu,2,2
0316_QD_0000_DHKT.pdf,co quan,0,0
0145_QD_0000_DHKT.pdf,so hieu,2,1
0145_QD_0000_DHKT.pdf,co quan,0,0
0757_QD_0000_DHKT.pdf,so hieu,2,2
0757_QD_0000_DHKT.pdf,co quan,0,0
